depart_date,origin,destination,gate,return_date,found_at,trip_class,price_eur,number_of_changes,duration,distance,show_to_affiliates,actual,collection_timestamp,snapshot_date
2026-02-01,BCN,MAD,City.Travel,2026-02-15,2025-06-13T16:34:04,0,54,0,160,483,True,True,2025-06-19T11:16:21.822003,20250619
2025-10-22,BCN,MAD,City.Travel,2025-10-26,2025-06-12T15:57:07,0,54,0,160,483,True,True,2025-06-19T11:16:21.822003,20250619
2025-10-04,BCN,MAD,Trip.com,2025-10-10,2025-06-16T17:59:34,0,62,0,160,483,True,True,2025-06-19T11:16:21.822003,20250619
2025-10-08,BCN,MAD,Trip.com,2025-10-10,2025-06-16T17:59:31,0,62,0,160,483,True,True,2025-06-19T11:16:21.822003,20250619
2025-09-22,BCN,MAD,City.Travel,2025-09-30,2025-06-17T15:05:20,0,63,1,575,483,True,True,2025-06-19T11:16:21.822003,20250619
2025-10-07,BCN,MAD,City.Travel,2025-10-07,2025-06-13T16:14:11,0,69,0,160,483,True,True,2025-06-19T11:16:21.822003,20250619
2025-10-04,BCN,MAD,City.Travel,2025-10-11,2025-06-13T12:25:17,0,69,0,160,483,True,True,2025-06-19T11:16:21.822003,20250619
2025-10-09,BCN,MAD,Clickavia,2025-10-12,2025-06-16T13:02:36,0,70,0,160,483,True,True,2025-06-19T11:16:21.822003,20250619
2025-10-07,BCN,MAD,City.Travel,2025-10-09,2025-06-18T11:01:26,0,70,0,160,483,True,True,2025-06-19T11:16:21.822003,20250619
2025-07-09,BCN,MAD,City.Travel,2025-07-26,2025-06-18T07:30:50,0,92,1,760,483,True,True,2025-06-19T11:16:21.822003,20250619
2025-07-08,BCN,MAD,City.Travel,2025-07-08,2025-06-12T19:38:09,0,96,1,715,483,True,True,2025-06-19T11:16:21.822003,20250619
2025-07-15,BCN,MAD,City.Travel,2025-07-17,2025-06-14T09:54:41,0,96,1,1875,483,True,True,2025-06-19T11:16:21.822003,20250619
2025-07-14,BCN,MAD,City.Travel,2025-07-15,2025-06-18T22:00:35,0,99,1,1470,483,True,True,2025-06-19T11:16:21.822003,20250619
2025-07-22,BCN,MAD,City.Travel,2025-07-23,2025-06-16T19:14:32,0,102,1,470,483,True,True,2025-06-19T11:16:21.822003,20250619
2025-08-11,BCN,MAD,City.Travel,2025-08-17,2025-06-12T17:14:33,0,103,1,1660,483,True,True,2025-06-19T11:16:21.822003,20250619
2025-07-24,BCN,MAD,City.Travel,2025-07-25,2025-06-15T12:50:21,0,106,1,1915,483,True,True,2025-06-19T11:16:21.822003,20250619
2025-08-01,BCN,MAD,Biletix,2025-08-03,2025-06-12T11:46:21,0,106,0,160,483,True,True,2025-06-19T11:16:21.822003,20250619
2025-07-15,BCN,MAD,City.Travel,2025-07-15,2025-06-18T22:01:31,0,110,1,715,483,True,True,2025-06-19T11:16:21.822003,20250619
2025-08-20,BCN,MAD,Aviakassa,2025-09-05,2025-06-15T22:10:11,0,112,1,750,483,True,True,2025-06-19T11:16:21.822003,20250619
2025-08-04,BCN,MAD,City.Travel,2025-08-08,2025-06-14T07:34:17,0,114,1,835,483,True,True,2025-06-19T11:16:21.822003,20250619
2025-07-28,BCN,MAD,City.Travel,2025-08-18,2025-06-16T19:42:44,0,115,1,2085,483,True,True,2025-06-19T11:16:21.822003,20250619
2025-06-24,BCN,MAD,Aviakassa,2025-06-25,2025-06-18T13:09:30,0,120,0,175,483,True,True,2025-06-19T11:16:21.822003,20250619
2025-07-11,BCN,MAD,City.Travel,2025-07-12,2025-06-16T19:38:07,0,121,1,480,483,True,True,2025-06-19T11:16:21.822003,20250619
2025-08-24,BCN,MAD,City.Travel,2025-08-25,2025-06-17T15:01:02,0,124,1,1615,483,True,True,2025-06-19T11:16:21.822003,20250619
2025-06-30,BCN,MAD,Aviakassa,2025-07-02,2025-06-13T07:15:35,0,124,1,1230,483,True,True,2025-06-19T11:16:21.822003,20250619
2025-06-26,BCN,MAD,Kupi.com,2025-06-27,2025-06-18T16:40:39,0,125,1,700,483,True,True,2025-06-19T11:16:21.822003,20250619
2025-06-28,BCN,MAD,City.Travel,2025-07-01,2025-06-12T15:19:01,0,125,1,1540,483,True,True,2025-06-19T11:16:21.822003,20250619
2025-06-23,BCN,MAD,City.Travel,2025-06-24,2025-06-12T16:48:23,0,134,1,2285,483,True,True,2025-06-19T11:16:21.822003,20250619
2025-06-30,BCN,MAD,City.Travel,2025-07-01,2025-06-13T07:16:48,0,134,1,1890,483,True,True,2025-06-19T11:16:21.822003,20250619
2025-06-21,BCN,MAD,Kupi.com,2025-06-28,2025-06-14T10:12:50,0,138,0,175,483,True,True,2025-06-19T11:16:21.822003,20250619
2025-07-15,BCN,FRA,City.Travel,2025-07-16,2025-06-14T14:49:11,0,111,1,710,1041,True,True,2025-06-19T11:16:21.822003,20250619
2025-07-05,BCN,FRA,City.Travel,2025-07-06,2025-06-14T11:44:47,0,186,1,1265,1041,True,True,2025-06-19T11:16:21.822003,20250619
2025-07-09,BCN,FRA,MEGO.travel,2025-07-20,2025-06-14T17:31:01,0,209,1,2535,1094,True,True,2025-06-19T11:16:21.822003,20250619
2025-06-26,BCN,FRA,Kiwi.com,2025-06-29,2025-06-18T18:53:21,0,220,1,875,1094,True,True,2025-06-19T11:16:21.822003,20250619
2025-06-21,BCN,FRA,Kupi.com,2025-06-25,2025-06-17T10:10:28,0,250,0,255,1094,True,True,2025-06-19T11:16:21.822003,20250619
2025-07-03,BCN,FRA,Kiwi.com,2025-07-03,2025-06-17T14:14:27,0,256,1,585,1094,True,True,2025-06-19T11:16:21.822003,20250619
2025-08-15,BCN,FRA,Aviakassa,2025-08-17,2025-06-14T07:13:25,0,270,1,970,1094,True,True,2025-06-19T11:16:21.822003,20250619
2025-11-12,IST,BCN,Aviakassa,2025-11-26,2025-06-13T02:20:56,0,153,1,2085,2230,True,True,2025-06-19T11:16:21.822003,20250619
2026-02-06,IST,BCN,Kupi.com,2026-02-09,2025-06-16T01:30:08,0,158,0,435,2230,True,True,2025-06-19T11:16:21.822003,20250619
2026-01-30,IST,BCN,Kupi.com,2026-02-04,2025-06-16T01:30:09,0,158,0,435,2230,True,True,2025-06-19T11:16:21.822003,20250619
2026-02-01,IST,BCN,Kupi.com,2026-02-04,2025-06-16T01:30:10,0,158,0,435,2230,True,True,2025-06-19T11:16:21.822003,20250619
2026-02-02,IST,BCN,Kupi.com,2026-02-08,2025-06-14T12:39:58,0,158,0,435,2230,True,True,2025-06-19T11:16:21.822003,20250619
2025-11-12,IST,BCN,Aviakassa,2025-11-16,2025-06-15T21:33:53,0,158,1,3175,2230,True,True,2025-06-19T11:16:21.822003,20250619
2026-02-04,IST,BCN,Kupi.com,2026-02-16,2025-06-16T04:53:05,0,159,0,435,2230,True,True,2025-06-19T11:16:21.822003,20250619
2026-02-05,IST,BCN,Kupi.com,2026-02-09,2025-06-16T01:42:02,0,159,0,435,2230,True,True,2025-06-19T11:16:21.822003,20250619
2026-01-31,IST,BCN,Kupi.com,2026-02-09,2025-06-16T01:42:04,0,159,0,435,2230,True,True,2025-06-19T11:16:21.822003,20250619
2026-02-01,IST,BCN,Kupi.com,2026-02-10,2025-06-16T01:42:03,0,159,0,435,2230,True,True,2025-06-19T11:16:21.822003,20250619
2026-02-05,IST,BCN,Kupi.com,2026-02-08,2025-06-16T04:53:03,0,159,0,435,2230,True,True,2025-06-19T11:16:21.822003,20250619
2026-01-30,IST,BCN,Kupi.com,2026-02-08,2025-06-16T04:53:03,0,159,0,435,2230,True,True,2025-06-19T11:16:21.822003,20250619
2025-11-17,IST,BCN,Aviakassa,2025-11-26,2025-06-13T07:59:03,0,159,1,1935,2230,True,True,2025-06-19T11:16:21.822003,20250619
2026-01-29,IST,BCN,Aviakassa,2026-02-01,2025-06-16T01:30:09,0,159,1,2580,2230,True,True,2025-06-19T11:16:21.822003,20250619
2025-10-08,IST,BCN,City.Travel,2025-10-15,2025-06-18T17:59:42,0,160,2,3135,2230,True,True,2025-06-19T11:16:21.822003,20250619
2025-12-18,IST,BCN,Aviakassa,2026-01-16,2025-06-12T14:12:53,0,160,1,1025,2230,True,True,2025-06-19T11:16:21.822003,20250619
2025-10-08,IST,BCN,City.Travel,2025-10-22,2025-06-18T22:08:49,0,160,2,3135,2230,True,True,2025-06-19T11:16:21.822003,20250619
2025-10-08,IST,BCN,City.Travel,2025-10-23,2025-06-19T08:56:26,0,160,2,2150,2230,True,True,2025-06-19T11:16:21.822003,20250619
2026-01-30,IST,BCN,Aviakassa,2026-02-01,2025-06-16T01:42:02,0,161,1,2575,2230,True,True,2025-06-19T11:16:21.822003,20250619
2026-01-20,IST,BCN,Aviakassa,2026-01-30,2025-06-16T00:01:59,0,162,1,2180,2230,True,True,2025-06-19T11:16:21.822003,20250619
2025-11-26,IST,BCN,Aviakassa,2025-12-03,2025-06-18T06:32:27,0,162,1,2390,2230,True,True,2025-06-19T11:16:21.822003,20250619
2025-10-15,IST,BCN,Aviakassa,2025-10-22,2025-06-12T16:21:38,0,162,2,4290,2272,True,True,2025-06-19T11:16:21.822003,20250619
2025-11-12,IST,BCN,Aviakassa,2025-11-21,2025-06-16T06:52:21,0,163,1,2730,2230,True,True,2025-06-19T11:16:21.822003,20250619
2026-01-24,IST,BCN,Aviakassa,2026-01-27,2025-06-18T16:33:34,0,165,1,1530,2230,True,True,2025-06-19T11:16:21.822003,20250619
2025-11-19,IST,BCN,Aviakassa,2025-12-03,2025-06-18T18:20:45,0,165,1,1715,2230,True,True,2025-06-19T11:16:21.822003,20250619
2025-10-08,IST,BCN,Aviakassa,2025-10-20,2025-06-17T16:24:40,0,166,2,3485,2230,True,True,2025-06-19T11:16:21.822003,20250619
2025-11-12,IST,BCN,Aviakassa,2025-11-22,2025-06-19T08:22:06,0,166,1,2085,2230,True,True,2025-06-19T11:16:21.822003,20250619
2026-03-06,IST,BCN,Aviakassa,2026-03-10,2025-06-12T15:22:06,0,166,0,435,2230,True,True,2025-06-19T11:16:21.822003,20250619
2026-02-24,IST,BCN,Aviakassa,2026-03-08,2025-06-12T15:57:28,0,167,0,435,2230,True,True,2025-06-19T11:16:21.822003,20250619
2026-03-01,IST,BCN,Авиасейлс,2026-03-07,2025-06-19T07:10:14,0,167,0,435,2230,True,True,2025-06-19T11:16:21.822003,20250619
2026-01-13,BCN,IST,City.Travel,2026-02-04,2025-06-13T09:13:24,0,161,0,435,2272,True,True,2025-06-19T11:16:21.822003,20250619
2025-11-17,BCN,IST,Aviakassa,2025-11-26,2025-06-13T07:59:33,0,161,1,2205,2230,True,True,2025-06-19T11:16:21.822003,20250619
2025-11-10,BCN,IST,Aviakassa,2025-11-24,2025-06-12T13:31:47,0,162,1,2515,2230,True,True,2025-06-19T11:16:21.822003,20250619
2025-09-10,BCN,IST,Aviakassa,2025-10-08,2025-06-16T14:31:41,0,165,2,3485,2272,True,True,2025-06-19T11:16:21.822003,20250619
2025-09-27,BCN,IST,Aviakassa,2025-10-03,2025-06-16T02:28:29,0,166,2,3700,2272,True,True,2025-06-19T11:16:21.822003,20250619
2025-10-03,BCN,IST,Aviakassa,2025-10-19,2025-06-18T13:42:28,0,167,1,3485,2230,True,True,2025-06-19T11:16:21.822003,20250619
2025-11-19,BCN,IST,Aviakassa,2025-11-28,2025-06-14T12:22:56,0,168,1,1525,2230,True,True,2025-06-19T11:16:21.822003,20250619
2025-09-17,BCN,IST,Aviakassa,2025-09-29,2025-06-17T09:08:44,0,170,2,5540,2272,True,True,2025-06-19T11:16:21.822003,20250619
2025-09-22,BCN,IST,Aviakassa,2025-10-08,2025-06-15T16:43:18,0,170,2,2580,2272,True,True,2025-06-19T11:16:21.822003,20250619
2025-11-12,BCN,IST,Aviakassa,2025-11-26,2025-06-13T02:21:29,0,170,1,2015,2230,True,True,2025-06-19T11:16:21.822003,20250619
2025-09-30,BCN,IST,Aviakassa,2025-10-03,2025-06-16T02:28:29,0,170,2,1630,2272,True,True,2025-06-19T11:16:21.822003,20250619
2025-09-22,BCN,IST,City.Travel,2025-10-06,2025-06-18T17:20:39,0,171,2,1425,2272,True,True,2025-06-19T11:16:21.822003,20250619
2025-09-15,BCN,IST,Aviakassa,2025-09-29,2025-06-16T11:46:30,0,171,2,4905,2272,True,True,2025-06-19T11:16:21.822003,20250619
2025-11-23,BCN,IST,Aviakassa,2025-11-28,2025-06-19T08:14:39,0,172,1,2575,2230,True,True,2025-06-19T11:16:21.822003,20250619
2025-09-23,BCN,IST,Kupi.com,2025-09-30,2025-06-16T23:16:42,0,172,0,440,2230,True,True,2025-06-19T11:16:21.822003,20250619
2026-02-01,BCN,IST,Aviakassa,2026-02-15,2025-06-13T16:31:30,0,172,1,1895,2230,True,True,2025-06-19T11:16:21.822003,20250619
2025-09-26,BCN,IST,Aviakassa,2025-10-01,2025-06-16T02:28:30,0,172,2,3170,2272,True,True,2025-06-19T11:16:21.822003,20250619
2025-09-30,BCN,IST,City.Travel,2025-10-10,2025-06-17T08:02:49,0,173,2,940,2272,True,True,2025-06-19T11:16:21.822003,20250619
2025-11-06,BCN,IST,Aviakassa,2025-11-19,2025-06-17T09:50:43,0,174,1,1145,2272,True,True,2025-06-19T11:16:21.822003,20250619
2025-09-22,BCN,IST,Aviakassa,2025-09-30,2025-06-14T16:56:37,0,174,2,3335,2272,True,True,2025-06-19T11:16:21.822003,20250619
2025-09-17,BCN,IST,Aviakassa,2025-09-25,2025-06-16T13:34:47,0,175,2,4065,2272,True,True,2025-06-19T11:16:21.822003,20250619
2025-11-07,BCN,IST,Aviakassa,2025-11-18,2025-06-14T15:41:48,0,176,2,3960,2230,True,True,2025-06-19T11:16:21.822003,20250619
2025-09-16,BCN,IST,City.Travel,2025-09-23,2025-06-16T09:43:14,0,177,2,1895,2272,True,True,2025-06-19T11:16:21.822003,20250619
2025-09-25,BCN,IST,Aviakassa,2025-10-01,2025-06-16T09:33:46,0,180,2,1710,2272,True,True,2025-06-19T11:16:21.822003,20250619
2025-06-25,BCN,IST,Aviakassa,2025-07-01,2025-06-17T16:03:03,0,181,2,1850,2272,True,True,2025-06-19T11:16:21.822003,20250619
2026-01-03,BCN,IST,Aviakassa,2026-01-23,2025-06-15T15:27:55,0,182,1,1400,2230,True,True,2025-06-19T11:16:21.822003,20250619
2025-10-23,BCN,IST,Aviakassa,2025-10-29,2025-06-18T03:43:00,0,184,2,5030,2272,True,True,2025-06-19T11:16:21.822003,20250619
2025-09-10,BCN,IST,Aviakassa,2025-09-23,2025-06-14T15:26:13,0,184,2,3535,2272,True,True,2025-06-19T11:16:21.822003,20250619
2025-10-05,BCN,IST,Aviakassa,2025-10-19,2025-06-18T13:42:27,0,184,2,2450,2230,True,True,2025-06-19T11:16:21.822003,20250619
2025-10-04,BCN,IST,Aviakassa,2025-10-11,2025-06-17T19:13:35,0,185,1,1935,2230,True,True,2025-06-19T11:16:21.822003,20250619
2025-06-20,ANK,IST,City.Travel,2025-06-25,2025-06-14T15:13:10,0,39,0,135,323,True,True,2025-06-19T11:16:21.822003,20250619
2025-07-01,ANK,IST,Авиасейлс,2025-07-06,2025-06-18T16:43:14,0,51,0,135,323,True,True,2025-06-19T11:16:21.822003,20250619
2025-07-15,ANK,IST,City.Travel,2025-07-19,2025-06-14T17:09:09,0,70,0,135,323,True,True,2025-06-19T11:16:21.822003,20250619
2025-07-14,ANK,IST,City.Travel,2025-07-17,2025-06-17T12:22:52,0,72,0,135,323,True,True,2025-06-19T11:16:21.822003,20250619
2025-07-12,ANK,IST,Авиасейлс,2025-08-03,2025-06-18T14:01:56,0,74,0,135,323,True,True,2025-06-19T11:16:21.822003,20250619
2025-06-19,ANK,IST,City.Travel,2025-06-22,2025-06-17T19:51:34,0,85,0,145,323,True,True,2025-06-19T11:16:21.822003,20250619
2025-07-12,ANK,IST,City.Travel,2025-07-15,2025-06-13T04:13:21,0,85,0,135,323,True,True,2025-06-19T11:16:21.822003,20250619
2025-10-24,IST,TYO,City.Travel,2025-11-02,2025-06-12T13:51:27,0,592,1,2360,8995,True,True,2025-06-19T11:16:21.822003,20250619
2026-04-12,IST,TYO,Kupi.com,2026-04-22,2025-06-18T03:00:01,0,629,1,2715,8995,True,True,2025-06-19T11:16:21.822003,20250619
2026-04-26,IST,TYO,Kupi.com,2026-05-06,2025-06-18T03:01:07,0,629,1,2715,8995,True,True,2025-06-19T11:16:21.822003,20250619
2026-04-26,IST,TYO,Kupi.com,2026-05-11,2025-06-18T03:18:03,0,629,1,2715,8995,True,True,2025-06-19T11:16:21.822003,20250619
2026-04-26,IST,TYO,Kupi.com,2026-05-09,2025-06-19T01:25:31,0,629,1,2715,8995,True,True,2025-06-19T11:16:21.822003,20250619
2025-11-02,IST,TYO,Kupi.com,2025-11-10,2025-06-12T15:13:55,0,630,1,2710,8995,True,True,2025-06-19T11:16:21.822003,20250619
2025-09-04,IST,TYO,Trip.com,2025-09-17,2025-06-16T14:38:35,0,636,1,2715,8995,True,True,2025-06-19T11:16:21.822003,20250619
2025-09-07,IST,TYO,Kupi.com,2025-09-17,2025-06-17T02:47:31,0,639,1,2715,8995,True,True,2025-06-19T11:16:21.822003,20250619
2025-11-02,IST,TYO,Kupi.com,2025-11-15,2025-06-15T21:35:38,0,641,1,2710,8995,True,True,2025-06-19T11:16:21.822003,20250619
2025-10-30,IST,TYO,Kupi.com,2025-11-15,2025-06-12T12:13:15,0,651,1,2710,8995,True,True,2025-06-19T11:16:21.822003,20250619
2025-08-11,IST,TYO,SuperKassa,2025-08-21,2025-06-15T11:12:43,0,652,1,2305,8995,True,True,2025-06-19T11:16:21.822003,20250619
2025-07-24,IST,TYO,City.Travel,2025-07-31,2025-06-13T11:51:58,0,661,1,2150,8995,True,True,2025-06-19T11:16:21.822003,20250619
2025-06-25,IST,TYO,City.Travel,2025-07-02,2025-06-12T09:31:22,0,669,1,2285,8995,True,True,2025-06-19T11:16:21.822003,20250619
2025-09-02,IST,TYO,Kupi.com,2025-09-13,2025-06-14T12:36:11,0,689,1,2715,8995,True,True,2025-06-19T11:16:21.822003,20250619
2025-12-25,IST,TYO,Kupi.com,2026-01-03,2025-06-13T19:44:30,0,689,1,2710,8995,True,True,2025-06-19T11:16:21.822003,20250619
2025-09-21,IST,TYO,Kupi.com,2025-10-04,2025-06-16T11:15:39,0,696,1,2715,8995,True,True,2025-06-19T11:16:21.822003,20250619
2026-03-30,IST,TYO,City.Travel,2026-04-12,2025-06-17T14:28:25,0,697,1,2230,8995,True,True,2025-06-19T11:16:21.822003,20250619
2025-09-11,IST,TYO,Kupi.com,2025-09-20,2025-06-16T17:01:05,0,700,1,2715,8995,True,True,2025-06-19T11:16:21.822003,20250619
2025-10-02,IST,TYO,Kupi.com,2025-10-11,2025-06-18T21:16:42,0,708,1,2715,8995,True,True,2025-06-19T11:16:21.822003,20250619
2025-09-28,IST,TYO,Kupi.com,2025-10-08,2025-06-16T11:14:04,0,713,1,2715,8995,True,True,2025-06-19T11:16:21.822003,20250619
2025-08-28,IST,TYO,Trip.com,2025-09-11,2025-06-16T14:10:34,0,715,2,3450,8995,True,True,2025-06-19T11:16:21.822003,20250619
2025-11-04,IST,TYO,Aviakassa,2025-11-18,2025-06-15T12:31:46,0,718,2,4460,8968,True,True,2025-06-19T11:16:21.822003,20250619
2025-10-05,IST,TYO,Kupi.com,2025-10-15,2025-06-12T20:48:43,0,719,1,2715,8995,True,True,2025-06-19T11:16:21.822003,20250619
2025-11-06,IST,TYO,Kupi.com,2025-11-09,2025-06-12T17:02:24,0,720,1,2180,8995,True,True,2025-06-19T11:16:21.822003,20250619
2025-08-08,IST,TYO,OneTwoTrip,2025-08-15,2025-06-12T09:11:40,0,721,1,2670,8995,True,True,2025-06-19T11:16:21.822003,20250619
2025-11-06,IST,TYO,Kupi.com,2025-11-13,2025-06-14T07:41:10,0,724,1,2180,8995,True,True,2025-06-19T11:16:21.822003,20250619
2025-09-19,IST,TYO,Aviakassa,2025-09-22,2025-06-13T05:11:48,0,724,2,4285,8995,True,True,2025-06-19T11:16:21.822003,20250619
2025-11-03,IST,TYO,Trip.com,2025-11-09,2025-06-15T08:29:51,0,727,1,2270,8995,True,True,2025-06-19T11:16:21.822003,20250619
2025-10-19,IST,TYO,MEGO.travel,2025-11-06,2025-06-16T03:11:56,0,727,1,2400,8995,True,True,2025-06-19T11:16:21.822003,20250619
2025-08-08,IST,TYO,OneTwoTrip,2025-08-29,2025-06-15T18:41:12,0,728,1,2670,8995,True,True,2025-06-19T11:16:21.822003,20250619
2026-04-19,BCN,LAX,Aviakassa,2026-05-08,2025-06-18T03:46:10,0,382,0,1495,9673,True,True,2025-06-19T11:16:21.822003,20250619
2025-09-24,BCN,LAX,Kupi.com,2025-10-04,2025-06-16T14:07:02,0,409,0,1485,9673,True,True,2025-06-19T11:16:21.822003,20250619
2026-01-13,BCN,LAX,Kupi.com,2026-02-05,2025-06-14T20:00:49,0,418,2,2350,9673,True,True,2025-06-19T11:16:21.822003,20250619
2025-07-10,BCN,LAX,Trip.com,2025-07-13,2025-06-16T16:06:40,0,567,1,3390,9673,True,True,2025-06-19T11:16:21.822003,20250619
2025-07-24,BCN,LAX,SWISS,2025-08-06,2025-06-16T02:04:40,0,570,2,2650,9673,True,True,2025-06-19T11:16:21.822003,20250619
2025-07-24,BCN,LAX,SWISS,2025-08-07,2025-06-16T00:04:43,0,570,2,2345,9673,True,True,2025-06-19T11:16:21.822003,20250619
2025-07-24,BCN,LAX,Lufthansa,2025-08-09,2025-06-16T00:03:50,0,582,1,1811,9673,True,True,2025-06-19T11:16:21.822003,20250619
2025-07-11,BCN,LAX,Lufthansa,2025-07-13,2025-06-16T12:01:48,0,584,1,1970,9673,True,True,2025-06-19T11:16:21.822003,20250619
2025-07-24,BCN,LAX,Lufthansa,2025-08-08,2025-06-16T00:02:53,0,586,1,1835,9673,True,True,2025-06-19T11:16:21.822003,20250619
2025-08-06,BCN,LAX,OneTwoTrip,2025-08-27,2025-06-12T09:09:53,0,593,2,2140,9673,True,True,2025-06-19T11:16:21.822003,20250619
2025-06-27,BCN,LAX,Biletix,2025-07-06,2025-06-18T16:13:43,0,597,1,2393,9673,True,True,2025-06-19T11:16:21.822003,20250619
2025-06-23,BCN,LAX,Kupi.com,2025-07-23,2025-06-14T04:35:06,0,601,1,1893,9673,True,True,2025-06-19T11:16:21.822003,20250619
2025-07-25,BCN,LAX,Lufthansa,2025-08-08,2025-06-16T00:04:12,0,604,1,1981,9673,True,True,2025-06-19T11:16:21.822003,20250619
2025-07-15,BCN,LAX,Авиасейлс,2025-07-20,2025-06-12T21:14:57,0,618,1,3171,9673,True,True,2025-06-19T11:16:21.822003,20250619
2025-08-09,BCN,LAX,Kupi.com,2025-08-27,2025-06-12T09:09:55,0,648,1,1795,9673,True,True,2025-06-19T11:16:21.822003,20250619
2025-08-08,BCN,LAX,City.Travel,2025-08-28,2025-06-12T09:09:52,0,651,2,2281,9673,True,True,2025-06-19T11:16:21.822003,20250619
2025-08-10,BCN,LAX,Kupi.com,2025-08-26,2025-06-12T09:09:52,0,669,1,1790,9673,True,True,2025-06-19T11:16:21.822003,20250619
2025-06-20,BCN,LAX,Aviakassa,2025-06-27,2025-06-16T05:15:19,0,840,1,2335,9673,True,True,2025-06-19T11:16:21.822003,20250619
2026-03-25,IST,BUE,Kupi.com,2026-04-08,2025-06-14T15:28:45,0,928,2,5275,12256,True,True,2025-06-19T11:16:21.822003,20250619
2026-02-13,IST,BUE,Kupi.com,2026-02-20,2025-06-18T07:03:06,0,940,2,4770,12256,True,True,2025-06-19T11:16:21.822003,20250619
2026-02-03,IST,BUE,Авиасейлс,2026-02-25,2025-06-14T11:11:45,0,962,2,4440,12256,True,True,2025-06-19T11:16:21.822003,20250619
2026-02-02,IST,BUE,Авиасейлс,2026-03-02,2025-06-16T10:12:58,0,970,2,4385,12256,True,True,2025-06-19T11:16:21.822003,20250619
2025-11-13,IST,BUE,Авиасейлс,2025-11-27,2025-06-18T03:52:21,0,971,1,2505,12256,True,True,2025-06-19T11:16:21.822003,20250619
2025-06-19,IST,BUE,Biletix,2025-06-25,2025-06-15T04:38:31,0,976,1,2495,12288,True,True,2025-06-19T11:16:21.822003,20250619
2025-06-19,IST,BUE,Biletix,2025-06-29,2025-06-15T03:52:13,0,977,1,2540,12288,True,True,2025-06-19T11:16:21.822003,20250619
2025-06-19,IST,BUE,Biletix,2025-06-30,2025-06-15T03:52:14,0,977,1,2540,12288,True,True,2025-06-19T11:16:21.822003,20250619
2026-02-13,IST,BUE,Kupi.com,2026-02-28,2025-06-19T08:07:26,0,986,2,3620,12256,True,True,2025-06-19T11:16:21.822003,20250619
2026-03-07,IST,BUE,Kupi.com,2026-03-21,2025-06-19T05:34:35,0,989,2,3545,12256,True,True,2025-06-19T11:16:21.822003,20250619
2026-02-15,IST,BUE,Авиасейлс,2026-02-25,2025-06-17T13:11:48,0,989,2,4375,12256,True,True,2025-06-19T11:16:21.822003,20250619
2025-09-08,IST,BUE,Kupi.com,2025-09-22,2025-06-17T19:54:39,0,999,2,3767,12256,True,True,2025-06-19T11:16:21.822003,20250619
2025-06-19,IST,BUE,Aviakassa,2025-06-26,2025-06-18T14:19:33,0,1000,2,3360,12288,True,True,2025-06-19T11:16:21.822003,20250619
2025-08-18,IST,BUE,City.Travel,2025-08-28,2025-06-17T15:57:29,0,1002,1,3080,12256,True,True,2025-06-19T11:16:21.822003,20250619
2025-09-10,IST,BUE,City.Travel,2025-09-25,2025-06-18T16:08:42,0,1003,1,3065,12256,True,True,2025-06-19T11:16:21.822003,20250619
2026-02-01,IST,BUE,Авиасейлс,2026-02-08,2025-06-15T08:09:17,0,1003,2,4920,12256,True,True,2025-06-19T11:16:21.822003,20250619
2025-10-02,IST,BUE,Kupi.com,2025-10-14,2025-06-13T07:18:19,0,1012,2,3587,12256,True,True,2025-06-19T11:16:21.822003,20250619
2025-09-14,IST,BUE,Авиасейлс,2025-10-03,2025-06-15T15:38:32,0,1012,2,3270,12256,True,True,2025-06-19T11:16:21.822003,20250619
2026-04-23,IST,BUE,OneTwoTrip,2026-05-07,2025-06-15T21:21:50,0,1015,2,5635,12256,True,True,2025-06-19T11:16:21.822003,20250619
2025-10-02,IST,BUE,Kupi.com,2025-10-20,2025-06-13T08:17:02,0,1015,2,3639,12256,True,True,2025-06-19T11:16:21.822003,20250619
2026-02-15,IST,BUE,Авиасейлс,2026-03-05,2025-06-13T07:36:12,0,1015,2,4370,12256,True,True,2025-06-19T11:16:21.822003,20250619
2025-06-19,IST,BUE,Авиасейлс,2025-07-03,2025-06-16T09:13:20,0,1022,1,2480,12288,True,True,2025-06-19T11:16:21.822003,20250619
2026-03-04,IST,BUE,City.Travel,2026-03-12,2025-06-14T13:42:03,0,1022,1,3075,12256,True,True,2025-06-19T11:16:21.822003,20250619
2026-03-29,IST,BUE,Kupi.com,2026-04-12,2025-06-13T05:39:30,0,1025,2,4045,12256,True,True,2025-06-19T11:16:21.822003,20250619
2025-09-28,IST,BUE,Kupi.com,2025-10-24,2025-06-14T08:11:40,0,1025,2,3727,12256,True,True,2025-06-19T11:16:21.822003,20250619
2026-05-16,IST,BUE,OneTwoTrip,2026-05-28,2025-06-17T20:51:52,0,1030,1,2595,12256,True,True,2025-06-19T11:16:21.822003,20250619
2025-09-14,IST,BUE,Kupi.com,2025-09-29,2025-06-14T06:41:15,0,1032,2,3270,12256,True,True,2025-06-19T11:16:21.822003,20250619
2025-11-10,IST,BUE,Trip.com,2025-11-16,2025-06-12T18:49:55,0,1038,1,2505,12256,True,True,2025-06-19T11:16:21.822003,20250619
2025-09-08,IST,BUE,Kupi.com,2025-09-17,2025-06-17T20:45:32,0,1041,2,4275,12256,True,True,2025-06-19T11:16:21.822003,20250619
2025-06-24,IST,BUE,Авиасейлс,2025-07-03,2025-06-16T07:00:39,0,1042,2,3310,12256,True,True,2025-06-19T11:16:21.822003,20250619
2025-06-25,TYO,BUE,Biletix,2025-07-08,2025-06-16T04:14:18,0,1458,2,4245,18295,True,True,2025-06-19T11:16:21.822003,20250619
2025-09-08,TYO,BUE,City.Travel,2025-09-22,2025-06-14T13:00:22,0,1530,2,3655,18295,True,True,2025-06-19T11:16:21.822003,20250619
2025-06-25,TYO,BUE,City.Travel,2025-07-07,2025-06-16T04:15:18,0,1570,1,4170,18295,True,True,2025-06-19T11:16:21.822003,20250619
2025-08-24,TYO,BUE,City.Travel,2025-09-06,2025-06-17T13:23:51,0,1592,1,4170,18295,True,True,2025-06-19T11:16:21.822003,20250619
2025-08-31,TYO,BUE,City.Travel,2025-09-06,2025-06-17T13:23:55,0,1592,1,4170,18295,True,True,2025-06-19T11:16:21.822003,20250619
2025-07-19,TYO,BUE,City.Travel,2025-07-29,2025-06-14T18:20:05,0,1852,2,4295,18295,True,True,2025-06-19T11:16:21.822003,20250619
2025-07-18,TYO,BUE,City.Travel,2025-07-31,2025-06-14T16:58:01,0,1879,2,5426,18295,True,True,2025-06-19T11:16:21.822003,20250619
2025-06-25,TYO,BUE,City.Travel,2025-07-09,2025-06-16T04:13:23,0,1972,1,4170,18295,True,True,2025-06-19T11:16:21.822003,20250619
2025-07-01,TYO,BUE,Kupi.com,2025-07-17,2025-06-15T12:51:37,0,2024,3,5532,18295,True,True,2025-06-19T11:16:21.822003,20250619
2025-09-14,TYO,BUE,Aviakassa,2025-10-03,2025-06-15T15:39:49,0,2064,2,6185,18295,True,True,2025-06-19T11:16:21.822003,20250619
2025-12-11,TYO,BUE,MEGO.travel,2025-12-18,2025-06-14T07:55:16,0,2176,2,6215,18295,True,True,2025-06-19T11:16:21.822003,20250619
